"filename", "language", "PHP", "HTML", "CSS", "Markdown", "SQL", "SCSS", "JavaScript", "JSON", "XML", "YAML", "Shell Script", "Makefile", "comment", "blank", "total"
"c:\Users\chris\Documents\GitHub\twitter-clone\DB\twitter.sql", "SQL", 0, 0, 0, 0, 142, 0, 0, 0, 0, 0, 0, 0, 100, 56, 298
"c:\Users\chris\Documents\GitHub\twitter-clone\backend\Model\comment.php", "PHP", 7, 0, 0, 0, 0, 0, 0, 0, 0, 0, 0, 0, 0, 1, 8
"c:\Users\chris\Documents\GitHub\twitter-clone\backend\Model\composer.json", "JSON", 0, 0, 0, 0, 0, 0, 0, 5, 0, 0, 0, 0, 0, 1, 6
"c:\Users\chris\Documents\GitHub\twitter-clone\backend\Model\composer.lock", "JSON", 0, 0, 0, 0, 0, 0, 0, 647, 0, 0, 0, 0, 0, 1, 648
"c:\Users\chris\Documents\GitHub\twitter-clone\backend\Model\connection.php", "PHP", 15, 0, 0, 0, 0, 0, 0, 0, 0, 0, 0, 0, 0, 1, 16
"c:\Users\chris\Documents\GitHub\twitter-clone\backend\Model\twitter.php", "PHP", 916, 0, 0, 0, 0, 0, 0, 0, 0, 0, 0, 0, 39, 205, 1160
"c:\Users\chris\Documents\GitHub\twitter-clone\backend\Model\vendor\autoload.php", "PHP", 3, 0, 0, 0, 0, 0, 0, 0, 0, 0, 0, 0, 1, 4, 8
"c:\Users\chris\Documents\GitHub\twitter-clone\backend\Model\vendor\composer\ClassLoader.php", "PHP", 276, 0, 0, 0, 0, 0, 0, 0, 0, 0, 0, 0, 153, 53, 482
"c:\Users\chris\Documents\GitHub\twitter-clone\backend\Model\vendor\composer\InstalledVersions.php", "PHP", 174, 0, 0, 0, 0, 0, 0, 0, 0, 0, 0, 0, 118, 46, 338
"c:\Users\chris\Documents\GitHub\twitter-clone\backend\Model\vendor\composer\autoload_classmap.php", "PHP", 6, 0, 0, 0, 0, 0, 0, 0, 0, 0, 0, 0, 1, 4, 11
"c:\Users\chris\Documents\GitHub\twitter-clone\backend\Model\vendor\composer\autoload_files.php", "PHP", 10, 0, 0, 0, 0, 0, 0, 0, 0, 0, 0, 0, 1, 4, 15
"c:\Users\chris\Documents\GitHub\twitter-clone\backend\Model\vendor\composer\autoload_namespaces.php", "PHP", 5, 0, 0, 0, 0, 0, 0, 0, 0, 0, 0, 0, 1, 4, 10
"c:\Users\chris\Documents\GitHub\twitter-clone\backend\Model\vendor\composer\autoload_psr4.php", "PHP", 12, 0, 0, 0, 0, 0, 0, 0, 0, 0, 0, 0, 1, 4, 17
"c:\Users\chris\Documents\GitHub\twitter-clone\backend\Model\vendor\composer\autoload_real.php", "PHP", 56, 0, 0, 0, 0, 0, 0, 0, 0, 0, 0, 0, 4, 16, 76
"c:\Users\chris\Documents\GitHub\twitter-clone\backend\Model\vendor\composer\autoload_static.php", "PHP", 68, 0, 0, 0, 0, 0, 0, 0, 0, 0, 0, 0, 1, 9, 78
"c:\Users\chris\Documents\GitHub\twitter-clone\backend\Model\vendor\composer\installed.json", "JSON", 0, 0, 0, 0, 0, 0, 0, 664, 0, 0, 0, 0, 0, 1, 665
"c:\Users\chris\Documents\GitHub\twitter-clone\backend\Model\vendor\composer\installed.php", "PHP", 125, 0, 0, 0, 0, 0, 0, 0, 0, 0, 0, 0, 0, 1, 126
"c:\Users\chris\Documents\GitHub\twitter-clone\backend\Model\vendor\composer\platform_check.php", "PHP", 21, 0, 0, 0, 0, 0, 0, 0, 0, 0, 0, 0, 1, 5, 27
"c:\Users\chris\Documents\GitHub\twitter-clone\backend\Model\vendor\guzzlehttp\guzzle\CHANGELOG.md", "Markdown", 0, 0, 0, 1216, 0, 0, 0, 0, 0, 0, 0, 0, 0, 247, 1463
"c:\Users\chris\Documents\GitHub\twitter-clone\backend\Model\vendor\guzzlehttp\guzzle\README.md", "Markdown", 0, 0, 0, 60, 0, 0, 0, 0, 0, 0, 0, 0, 0, 20, 80
"c:\Users\chris\Documents\GitHub\twitter-clone\backend\Model\vendor\guzzlehttp\guzzle\UPGRADING.md", "Markdown", 0, 0, 0, 1008, 0, 0, 0, 0, 0, 0, 0, 0, 1, 245, 1254
"c:\Users\chris\Documents\GitHub\twitter-clone\backend\Model\vendor\guzzlehttp\guzzle\composer.json", "JSON", 0, 0, 0, 0, 0, 0, 0, 73, 0, 0, 0, 0, 0, 1, 74
"c:\Users\chris\Documents\GitHub\twitter-clone\backend\Model\vendor\guzzlehttp\guzzle\src\BodySummarizer.php", "PHP", 17, 0, 0, 0, 0, 0, 0, 0, 0, 0, 0, 0, 6, 6, 29
"c:\Users\chris\Documents\GitHub\twitter-clone\backend\Model\vendor\guzzlehttp\guzzle\src\BodySummarizerInterface.php", "PHP", 7, 0, 0, 0, 0, 0, 0, 0, 0, 0, 0, 0, 3, 4, 14
"c:\Users\chris\Documents\GitHub\twitter-clone\backend\Model\vendor\guzzlehttp\guzzle\src\Client.php", "PHP", 268, 0, 0, 0, 0, 0, 0, 0, 0, 0, 0, 0, 154, 53, 475
"c:\Users\chris\Documents\GitHub\twitter-clone\backend\Model\vendor\guzzlehttp\guzzle\src\ClientInterface.php", "PHP", 16, 0, 0, 0, 0, 0, 0, 0, 0, 0, 0, 0, 60, 9, 85
"c:\Users\chris\Documents\GitHub\twitter-clone\backend\Model\vendor\guzzlehttp\guzzle\src\ClientTrait.php", "PHP", 59, 0, 0, 0, 0, 0, 0, 0, 0, 0, 0, 0, 166, 17, 242
"c:\Users\chris\Documents\GitHub\twitter-clone\backend\Model\vendor\guzzlehttp\guzzle\src\Cookie\CookieJar.php", "PHP", 207, 0, 0, 0, 0, 0, 0, 0, 0, 0, 0, 0, 72, 35, 314
"c:\Users\chris\Documents\GitHub\twitter-clone\backend\Model\vendor\guzzlehttp\guzzle\src\Cookie\CookieJarInterface.php", "PHP", 13, 0, 0, 0, 0, 0, 0, 0, 0, 0, 0, 0, 58, 9, 80
"c:\Users\chris\Documents\GitHub\twitter-clone\backend\Model\vendor\guzzlehttp\guzzle\src\Cookie\FileCookieJar.php", "PHP", 52, 0, 0, 0, 0, 0, 0, 0, 0, 0, 0, 0, 38, 12, 102
"c:\Users\chris\Documents\GitHub\twitter-clone\backend\Model\vendor\guzzlehttp\guzzle\src\Cookie\SessionCookieJar.php", "PHP", 42, 0, 0, 0, 0, 0, 0, 0, 0, 0, 0, 0, 27, 9, 78
"c:\Users\chris\Documents\GitHub\twitter-clone\backend\Model\vendor\guzzlehttp\guzzle\src\Cookie\SetCookie.php", "PHP", 207, 0, 0, 0, 0, 0, 0, 0, 0, 0, 0, 0, 157, 47, 411
"c:\Users\chris\Documents\GitHub\twitter-clone\backend\Model\vendor\guzzlehttp\guzzle\src\Exception\BadResponseException.php", "PHP", 24, 0, 0, 0, 0, 0, 0, 0, 0, 0, 0, 0, 10, 6, 40
"c:\Users\chris\Documents\GitHub\twitter-clone\backend\Model\vendor\guzzlehttp\guzzle\src\Exception\ClientException.php", "PHP", 5, 0, 0, 0, 0, 0, 0, 0, 0, 0, 0, 0, 3, 3, 11
"c:\Users\chris\Documents\GitHub\twitter-clone\backend\Model\vendor\guzzlehttp\guzzle\src\Exception\ConnectException.php", "PHP", 27, 0, 0, 0, 0, 0, 0, 0, 0, 0, 0, 0, 22, 8, 57
"c:\Users\chris\Documents\GitHub\twitter-clone\backend\Model\vendor\guzzlehttp\guzzle\src\Exception\GuzzleException.php", "PHP", 6, 0, 0, 0, 0, 0, 0, 0, 0, 0, 0, 0, 0, 4, 10
"c:\Users\chris\Documents\GitHub\twitter-clone\backend\Model\vendor\guzzlehttp\guzzle\src\Exception\InvalidArgumentException.php", "PHP", 5, 0, 0, 0, 0, 0, 0, 0, 0, 0, 0, 0, 0, 3, 8
"c:\Users\chris\Documents\GitHub\twitter-clone\backend\Model\vendor\guzzlehttp\guzzle\src\Exception\RequestException.php", "PHP", 98, 0, 0, 0, 0, 0, 0, 0, 0, 0, 0, 0, 47, 22, 167
"c:\Users\chris\Documents\GitHub\twitter-clone\backend\Model\vendor\guzzlehttp\guzzle\src\Exception\ServerException.php", "PHP", 5, 0, 0, 0, 0, 0, 0, 0, 0, 0, 0, 0, 3, 3, 11
"c:\Users\chris\Documents\GitHub\twitter-clone\backend\Model\vendor\guzzlehttp\guzzle\src\Exception\TooManyRedirectsException.php", "PHP", 5, 0, 0, 0, 0, 0, 0, 0, 0, 0, 0, 0, 0, 3, 8
"c:\Users\chris\Documents\GitHub\twitter-clone\backend\Model\vendor\guzzlehttp\guzzle\src\Exception\TransferException.php", "PHP", 5, 0, 0, 0, 0, 0, 0, 0, 0, 0, 0, 0, 0, 3, 8
"c:\Users\chris\Documents\GitHub\twitter-clone\backend\Model\vendor\guzzlehttp\guzzle\src\HandlerStack.php", "PHP", 140, 0, 0, 0, 0, 0, 0, 0, 0, 0, 0, 0, 98, 34, 272
"c:\Users\chris\Documents\GitHub\twitter-clone\backend\Model\vendor\guzzlehttp\guzzle\src\Handler\CurlFactory.php", "PHP", 450, 0, 0, 0, 0, 0, 0, 0, 0, 0, 0, 0, 79, 64, 593
"c:\Users\chris\Documents\GitHub\twitter-clone\backend\Model\vendor\guzzlehttp\guzzle\src\Handler\CurlFactoryInterface.php", "PHP", 8, 0, 0, 0, 0, 0, 0, 0, 0, 0, 0, 0, 13, 5, 26
"c:\Users\chris\Documents\GitHub\twitter-clone\backend\Model\vendor\guzzlehttp\guzzle\src\Handler\CurlHandler.php", "PHP", 23, 0, 0, 0, 0, 0, 0, 0, 0, 0, 0, 0, 19, 8, 50
"c:\Users\chris\Documents\GitHub\twitter-clone\backend\Model\vendor\guzzlehttp\guzzle\src\Handler\CurlMultiHandler.php", "PHP", 144, 0, 0, 0, 0, 0, 0, 0, 0, 0, 0, 0, 71, 39, 254
"c:\Users\chris\Documents\GitHub\twitter-clone\backend\Model\vendor\guzzlehttp\guzzle\src\Handler\EasyHandle.php", "PHP", 49, 0, 0, 0, 0, 0, 0, 0, 0, 0, 0, 0, 46, 18, 113
"c:\Users\chris\Documents\GitHub\twitter-clone\backend\Model\vendor\guzzlehttp\guzzle\src\Handler\HeaderProcessor.php", "PHP", 22, 0, 0, 0, 0, 0, 0, 0, 0, 0, 0, 0, 12, 9, 43
"c:\Users\chris\Documents\GitHub\twitter-clone\backend\Model\vendor\guzzlehttp\guzzle\src\Handler\MockHandler.php", "PHP", 129, 0, 0, 0, 0, 0, 0, 0, 0, 0, 0, 0, 56, 27, 212
"c:\Users\chris\Documents\GitHub\twitter-clone\backend\Model\vendor\guzzlehttp\guzzle\src\Handler\Proxy.php", "PHP", 20, 0, 0, 0, 0, 0, 0, 0, 0, 0, 0, 0, 27, 5, 52
"c:\Users\chris\Documents\GitHub\twitter-clone\backend\Model\vendor\guzzlehttp\guzzle\src\Handler\StreamHandler.php", "PHP", 419, 0, 0, 0, 0, 0, 0, 0, 0, 0, 0, 0, 83, 80, 582
"c:\Users\chris\Documents\GitHub\twitter-clone\backend\Model\vendor\guzzlehttp\guzzle\src\MessageFormatter.php", "PHP", 130, 0, 0, 0, 0, 0, 0, 0, 0, 0, 0, 0, 54, 15, 199
"c:\Users\chris\Documents\GitHub\twitter-clone\backend\Model\vendor\guzzlehttp\guzzle\src\MessageFormatterInterface.php", "PHP", 8, 0, 0, 0, 0, 0, 0, 0, 0, 0, 0, 0, 7, 4, 19
"c:\Users\chris\Documents\GitHub\twitter-clone\backend\Model\vendor\guzzlehttp\guzzle\src\Middleware.php", "PHP", 154, 0, 0, 0, 0, 0, 0, 0, 0, 0, 0, 0, 92, 15, 261
"c:\Users\chris\Documents\GitHub\twitter-clone\backend\Model\vendor\guzzlehttp\guzzle\src\Pool.php", "PHP", 64, 0, 0, 0, 0, 0, 0, 0, 0, 0, 0, 0, 50, 12, 126
"c:\Users\chris\Documents\GitHub\twitter-clone\backend\Model\vendor\guzzlehttp\guzzle\src\PrepareBodyMiddleware.php", "PHP", 61, 0, 0, 0, 0, 0, 0, 0, 0, 0, 0, 0, 25, 19, 105
"c:\Users\chris\Documents\GitHub\twitter-clone\backend\Model\vendor\guzzlehttp\guzzle\src\RedirectMiddleware.php", "PHP", 139, 0, 0, 0, 0, 0, 0, 0, 0, 0, 0, 0, 44, 34, 217
"c:\Users\chris\Documents\GitHub\twitter-clone\backend\Model\vendor\guzzlehttp\guzzle\src\RequestOptions.php", "PHP", 35, 0, 0, 0, 0, 0, 0, 0, 0, 0, 0, 0, 198, 32, 265
"c:\Users\chris\Documents\GitHub\twitter-clone\backend\Model\vendor\guzzlehttp\guzzle\src\RetryMiddleware.php", "PHP", 67, 0, 0, 0, 0, 0, 0, 0, 0, 0, 0, 0, 36, 14, 117
"c:\Users\chris\Documents\GitHub\twitter-clone\backend\Model\vendor\guzzlehttp\guzzle\src\TransferStats.php", "PHP", 58, 0, 0, 0, 0, 0, 0, 0, 0, 0, 0, 0, 59, 17, 134
"c:\Users\chris\Documents\GitHub\twitter-clone\backend\Model\vendor\guzzlehttp\guzzle\src\Utils.php", "PHP", 207, 0, 0, 0, 0, 0, 0, 0, 0, 0, 0, 0, 134, 42, 383
"c:\Users\chris\Documents\GitHub\twitter-clone\backend\Model\vendor\guzzlehttp\guzzle\src\functions.php", "PHP", 42, 0, 0, 0, 0, 0, 0, 0, 0, 0, 0, 0, 114, 12, 168
"c:\Users\chris\Documents\GitHub\twitter-clone\backend\Model\vendor\guzzlehttp\guzzle\src\functions_include.php", "PHP", 4, 0, 0, 0, 0, 0, 0, 0, 0, 0, 0, 0, 1, 2, 7
"c:\Users\chris\Documents\GitHub\twitter-clone\backend\Model\vendor\guzzlehttp\guzzle\vendor-bin\php-cs-fixer\composer.json", "JSON", 0, 0, 0, 0, 0, 0, 0, 9, 0, 0, 0, 0, 0, 1, 10
"c:\Users\chris\Documents\GitHub\twitter-clone\backend\Model\vendor\guzzlehttp\guzzle\vendor-bin\phpstan\composer.json", "JSON", 0, 0, 0, 0, 0, 0, 0, 10, 0, 0, 0, 0, 0, 1, 11
"c:\Users\chris\Documents\GitHub\twitter-clone\backend\Model\vendor\guzzlehttp\guzzle\vendor-bin\psalm\composer.json", "JSON", 0, 0, 0, 0, 0, 0, 0, 9, 0, 0, 0, 0, 0, 1, 10
"c:\Users\chris\Documents\GitHub\twitter-clone\backend\Model\vendor\guzzlehttp\promises\CHANGELOG.md", "Markdown", 0, 0, 0, 44, 0, 0, 0, 0, 0, 0, 0, 0, 0, 41, 85
"c:\Users\chris\Documents\GitHub\twitter-clone\backend\Model\vendor\guzzlehttp\promises\Makefile", "Makefile", 0, 0, 0, 0, 0, 0, 0, 0, 0, 0, 0, 9, 0, 5, 14
"c:\Users\chris\Documents\GitHub\twitter-clone\backend\Model\vendor\guzzlehttp\promises\README.md", "Markdown", 0, 0, 0, 392, 0, 0, 0, 0, 0, 0, 0, 0, 0, 141, 533
"c:\Users\chris\Documents\GitHub\twitter-clone\backend\Model\vendor\guzzlehttp\promises\composer.json", "JSON", 0, 0, 0, 0, 0, 0, 0, 39, 0, 0, 0, 0, 0, 1, 40
"c:\Users\chris\Documents\GitHub\twitter-clone\backend\Model\vendor\guzzlehttp\promises\src\AggregateException.php", "PHP", 12, 0, 0, 0, 0, 0, 0, 0, 0, 0, 0, 0, 3, 3, 18
"c:\Users\chris\Documents\GitHub\twitter-clone\backend\Model\vendor\guzzlehttp\promises\src\CancellationException.php", "PHP", 5, 0, 0, 0, 0, 0, 0, 0, 0, 0, 0, 0, 3, 3, 11
"c:\Users\chris\Documents\GitHub\twitter-clone\backend\Model\vendor\guzzlehttp\promises\src\Coroutine.php", "PHP", 95, 0, 0, 0, 0, 0, 0, 0, 0, 0, 0, 0, 57, 18, 170
"c:\Users\chris\Documents\GitHub\twitter-clone\backend\Model\vendor\guzzlehttp\promises\src\Create.php", "PHP", 43, 0, 0, 0, 0, 0, 0, 0, 0, 0, 0, 0, 30, 12, 85
"c:\Users\chris\Documents\GitHub\twitter-clone\backend\Model\vendor\guzzlehttp\promises\src\Each.php", "PHP", 41, 0, 0, 0, 0, 0, 0, 0, 0, 0, 0, 0, 45, 5, 91
"c:\Users\chris\Documents\GitHub\twitter-clone\backend\Model\vendor\guzzlehttp\promises\src\EachPromise.php", "PHP", 154, 0, 0, 0, 0, 0, 0, 0, 0, 0, 0, 0, 66, 35, 255
"c:\Users\chris\Documents\GitHub\twitter-clone\backend\Model\vendor\guzzlehttp\promises\src\FulfilledPromise.php", "PHP", 63, 0, 0, 0, 0, 0, 0, 0, 0, 0, 0, 0, 8, 14, 85
"c:\Users\chris\Documents\GitHub\twitter-clone\backend\Model\vendor\guzzlehttp\promises\src\Is.php", "PHP", 21, 0, 0, 0, 0, 0, 0, 0, 0, 0, 0, 0, 20, 6, 47
"c:\Users\chris\Documents\GitHub\twitter-clone\backend\Model\vendor\guzzlehttp\promises\src\Promise.php", "PHP", 201, 0, 0, 0, 0, 0, 0, 0, 0, 0, 0, 0, 46, 32, 279
"c:\Users\chris\Documents\GitHub\twitter-clone\backend\Model\vendor\guzzlehttp\promises\src\PromiseInterface.php", "PHP", 18, 0, 0, 0, 0, 0, 0, 0, 0, 0, 0, 0, 70, 10, 98
"c:\Users\chris\Documents\GitHub\twitter-clone\backend\Model\vendor\guzzlehttp\promises\src\PromisorInterface.php", "PHP", 6, 0, 0, 0, 0, 0, 0, 0, 0, 0, 0, 0, 8, 3, 17
"c:\Users\chris\Documents\GitHub\twitter-clone\backend\Model\vendor\guzzlehttp\promises\src\RejectedPromise.php", "PHP", 66, 0, 0, 0, 0, 0, 0, 0, 0, 0, 0, 0, 11, 15, 92
"c:\Users\chris\Documents\GitHub\twitter-clone\backend\Model\vendor\guzzlehttp\promises\src\RejectionException.php", "PHP", 26, 0, 0, 0, 0, 0, 0, 0, 0, 0, 0, 0, 15, 8, 49
"c:\Users\chris\Documents\GitHub\twitter-clone\backend\Model\vendor\guzzlehttp\promises\src\TaskQueue.php", "PHP", 38, 0, 0, 0, 0, 0, 0, 0, 0, 0, 0, 0, 22, 8, 68
"c:\Users\chris\Documents\GitHub\twitter-clone\backend\Model\vendor\guzzlehttp\promises\src\TaskQueueInterface.php", "PHP", 8, 0, 0, 0, 0, 0, 0, 0, 0, 0, 0, 0, 12, 5, 25
"c:\Users\chris\Documents\GitHub\twitter-clone\backend\Model\vendor\guzzlehttp\promises\src\Utils.php", "PHP", 141, 0, 0, 0, 0, 0, 0, 0, 0, 0, 0, 0, 114, 20, 275
"c:\Users\chris\Documents\GitHub\twitter-clone\backend\Model\vendor\guzzlehttp\promises\src\functions.php", "PHP", 92, 0, 0, 0, 0, 0, 0, 0, 0, 0, 0, 0, 250, 22, 364
"c:\Users\chris\Documents\GitHub\twitter-clone\backend\Model\vendor\guzzlehttp\promises\src\functions_include.php", "PHP", 4, 0, 0, 0, 0, 0, 0, 0, 0, 0, 0, 0, 1, 2, 7
"c:\Users\chris\Documents\GitHub\twitter-clone\backend\Model\vendor\guzzlehttp\psr7\.github\workflows\bc.yml", "YAML", 0, 0, 0, 0, 0, 0, 0, 0, 0, 12, 0, 0, 0, 5, 17
"c:\Users\chris\Documents\GitHub\twitter-clone\backend\Model\vendor\guzzlehttp\psr7\.github\workflows\ci.yml", "YAML", 0, 0, 0, 0, 0, 0, 0, 0, 0, 24, 0, 0, 0, 7, 31
"c:\Users\chris\Documents\GitHub\twitter-clone\backend\Model\vendor\guzzlehttp\psr7\.github\workflows\integration.yml", "YAML", 0, 0, 0, 0, 0, 0, 0, 0, 0, 29, 0, 0, 0, 9, 38
"c:\Users\chris\Documents\GitHub\twitter-clone\backend\Model\vendor\guzzlehttp\psr7\.github\workflows\static.yml", "YAML", 0, 0, 0, 0, 0, 0, 0, 0, 0, 22, 0, 0, 0, 8, 30
"c:\Users\chris\Documents\GitHub\twitter-clone\backend\Model\vendor\guzzlehttp\psr7\CHANGELOG.md", "Markdown", 0, 0, 0, 180, 0, 0, 0, 0, 0, 0, 0, 0, 0, 115, 295
"c:\Users\chris\Documents\GitHub\twitter-clone\backend\Model\vendor\guzzlehttp\psr7\README.md", "Markdown", 0, 0, 0, 503, 0, 0, 0, 0, 0, 0, 0, 0, 0, 307, 810
"c:\Users\chris\Documents\GitHub\twitter-clone\backend\Model\vendor\guzzlehttp\psr7\composer.json", "JSON", 0, 0, 0, 0, 0, 0, 0, 49, 0, 0, 0, 0, 0, 1, 50
"c:\Users\chris\Documents\GitHub\twitter-clone\backend\Model\vendor\guzzlehttp\psr7\src\AppendStream.php", "PHP", 152, 0, 0, 0, 0, 0, 0, 0, 0, 0, 0, 0, 54, 41, 247
"c:\Users\chris\Documents\GitHub\twitter-clone\backend\Model\vendor\guzzlehttp\psr7\src\BufferStream.php", "PHP", 90, 0, 0, 0, 0, 0, 0, 0, 0, 0, 0, 0, 26, 27, 143
"c:\Users\chris\Documents\GitHub\twitter-clone\backend\Model\vendor\guzzlehttp\psr7\src\CachingStream.php", "PHP", 89, 0, 0, 0, 0, 0, 0, 0, 0, 0, 0, 0, 30, 23, 142
"c:\Users\chris\Documents\GitHub\twitter-clone\backend\Model\vendor\guzzlehttp\psr7\src\DroppingStream.php", "PHP", 24, 0, 0, 0, 0, 0, 0, 0, 0, 0, 0, 0, 12, 10, 46
"c:\Users\chris\Documents\GitHub\twitter-clone\backend\Model\vendor\guzzlehttp\psr7\src\FnStream.php", "PHP", 99, 0, 0, 0, 0, 0, 0, 0, 0, 0, 0, 0, 38, 27, 164
"c:\Users\chris\Documents\GitHub\twitter-clone\backend\Model\vendor\guzzlehttp\psr7\src\Header.php", "PHP", 46, 0, 0, 0, 0, 0, 0, 0, 0, 0, 0, 0, 18, 8, 72
"c:\Users\chris\Documents\GitHub\twitter-clone\backend\Model\vendor\guzzlehttp\psr7\src\InflateStream.php", "PHP", 27, 0, 0, 0, 0, 0, 0, 0, 0, 0, 0, 0, 22, 8, 57
"c:\Users\chris\Documents\GitHub\twitter-clone\backend\Model\vendor\guzzlehttp\psr7\src\LazyOpenStream.php", "PHP", 18, 0, 0, 0, 0, 0, 0, 0, 0, 0, 0, 0, 17, 8, 43
"c:\Users\chris\Documents\GitHub\twitter-clone\backend\Model\vendor\guzzlehttp\psr7\src\LimitStream.php", "PHP", 88, 0, 0, 0, 0, 0, 0, 0, 0, 0, 0, 0, 47, 23, 158
"c:\Users\chris\Documents\GitHub\twitter-clone\backend\Model\vendor\guzzlehttp\psr7\src\Message.php", "PHP", 144, 0, 0, 0, 0, 0, 0, 0, 0, 0, 0, 0, 70, 39, 253
"c:\Users\chris\Documents\GitHub\twitter-clone\backend\Model\vendor\guzzlehttp\psr7\src\MessageTrait.php", "PHP", 152, 0, 0, 0, 0, 0, 0, 0, 0, 0, 0, 0, 23, 40, 215
"c:\Users\chris\Documents\GitHub\twitter-clone\backend\Model\vendor\guzzlehttp\psr7\src\MimeType.php", "PHP", 119, 0, 0, 0, 0, 0, 0, 0, 0, 0, 0, 0, 16, 6, 141
"c:\Users\chris\Documents\GitHub\twitter-clone\backend\Model\vendor\guzzlehttp\psr7\src\MultipartStream.php", "PHP", 98, 0, 0, 0, 0, 0, 0, 0, 0, 0, 0, 0, 36, 25, 159
"c:\Users\chris\Documents\GitHub\twitter-clone\backend\Model\vendor\guzzlehttp\psr7\src\NoSeekStream.php", "PHP", 15, 0, 0, 0, 0, 0, 0, 0, 0, 0, 0, 0, 5, 6, 26
"c:\Users\chris\Documents\GitHub\twitter-clone\backend\Model\vendor\guzzlehttp\psr7\src\PumpStream.php", "PHP", 114, 0, 0, 0, 0, 0, 0, 0, 0, 0, 0, 0, 27, 30, 171
"c:\Users\chris\Documents\GitHub\twitter-clone\backend\Model\vendor\guzzlehttp\psr7\src\Query.php", "PHP", 76, 0, 0, 0, 0, 0, 0, 0, 0, 0, 0, 0, 27, 11, 114
"c:\Users\chris\Documents\GitHub\twitter-clone\backend\Model\vendor\guzzlehttp\psr7\src\Request.php", "PHP", 110, 0, 0, 0, 0, 0, 0, 0, 0, 0, 0, 0, 15, 28, 153
"c:\Users\chris\Documents\GitHub\twitter-clone\backend\Model\vendor\guzzlehttp\psr7\src\Response.php", "PHP", 125, 0, 0, 0, 0, 0, 0, 0, 0, 0, 0, 0, 13, 18, 156
"c:\Users\chris\Documents\GitHub\twitter-clone\backend\Model\vendor\guzzlehttp\psr7\src\Rfc7230.php", "PHP", 7, 0, 0, 0, 0, 0, 0, 0, 0, 0, 0, 0, 10, 3, 20
"c:\Users\chris\Documents\GitHub\twitter-clone\backend\Model\vendor\guzzlehttp\psr7\src\ServerRequest.php", "PHP", 203, 0, 0, 0, 0, 0, 0, 0, 0, 0, 0, 0, 123, 54, 380
"c:\Users\chris\Documents\GitHub\twitter-clone\backend\Model\vendor\guzzlehttp\psr7\src\Stream.php", "PHP", 192, 0, 0, 0, 0, 0, 0, 0, 0, 0, 0, 0, 32, 47, 271
"c:\Users\chris\Documents\GitHub\twitter-clone\backend\Model\vendor\guzzlehttp\psr7\src\StreamDecoratorTrait.php", "PHP", 96, 0, 0, 0, 0, 0, 0, 0, 0, 0, 0, 0, 33, 24, 153
"c:\Users\chris\Documents\GitHub\twitter-clone\backend\Model\vendor\guzzlehttp\psr7\src\StreamWrapper.php", "PHP", 113, 0, 0, 0, 0, 0, 0, 0, 0, 0, 0, 0, 27, 26, 166
"c:\Users\chris\Documents\GitHub\twitter-clone\backend\Model\vendor\guzzlehttp\psr7\src\UploadedFile.php", "PHP", 170, 0, 0, 0, 0, 0, 0, 0, 0, 0, 0, 0, 118, 41, 329
"c:\Users\chris\Documents\GitHub\twitter-clone\backend\Model\vendor\guzzlehttp\psr7\src\Uri.php", "PHP", 419, 0, 0, 0, 0, 0, 0, 0, 0, 0, 0, 0, 280, 112, 811
"c:\Users\chris\Documents\GitHub\twitter-clone\backend\Model\vendor\guzzlehttp\psr7\src\UriNormalizer.php", "PHP", 80, 0, 0, 0, 0, 0, 0, 0, 0, 0, 0, 0, 111, 29, 220
"c:\Users\chris\Documents\GitHub\twitter-clone\backend\Model\vendor\guzzlehttp\psr7\src\UriResolver.php", "PHP", 128, 0, 0, 0, 0, 0, 0, 0, 0, 0, 0, 0, 70, 25, 223
"c:\Users\chris\Documents\GitHub\twitter-clone\backend\Model\vendor\guzzlehttp\psr7\src\Utils.php", "PHP", 240, 0, 0, 0, 0, 0, 0, 0, 0, 0, 0, 0, 144, 45, 429
"c:\Users\chris\Documents\GitHub\twitter-clone\backend\Model\vendor\guzzlehttp\psr7\src\functions.php", "PHP", 94, 0, 0, 0, 0, 0, 0, 0, 0, 0, 0, 0, 304, 25, 423
"c:\Users\chris\Documents\GitHub\twitter-clone\backend\Model\vendor\guzzlehttp\psr7\src\functions_include.php", "PHP", 4, 0, 0, 0, 0, 0, 0, 0, 0, 0, 0, 0, 1, 2, 7
"c:\Users\chris\Documents\GitHub\twitter-clone\backend\Model\vendor\paragonie\random_compat\build-phar.sh", "Shell Script", 0, 0, 0, 0, 0, 0, 0, 0, 0, 0, 2, 0, 1, 2, 5
"c:\Users\chris\Documents\GitHub\twitter-clone\backend\Model\vendor\paragonie\random_compat\composer.json", "JSON", 0, 0, 0, 0, 0, 0, 0, 34, 0, 0, 0, 0, 0, 1, 35
"c:\Users\chris\Documents\GitHub\twitter-clone\backend\Model\vendor\paragonie\random_compat\lib\random.php", "PHP", 1, 0, 0, 0, 0, 0, 0, 0, 0, 0, 0, 0, 30, 2, 33
"c:\Users\chris\Documents\GitHub\twitter-clone\backend\Model\vendor\paragonie\random_compat\other\build_phar.php", "PHP", 45, 0, 0, 0, 0, 0, 0, 0, 0, 0, 0, 0, 9, 4, 58
"c:\Users\chris\Documents\GitHub\twitter-clone\backend\Model\vendor\paragonie\random_compat\psalm-autoload.php", "PHP", 7, 0, 0, 0, 0, 0, 0, 0, 0, 0, 0, 0, 0, 3, 10
"c:\Users\chris\Documents\GitHub\twitter-clone\backend\Model\vendor\paragonie\random_compat\psalm.xml", "XML", 0, 0, 0, 0, 0, 0, 0, 0, 19, 0, 0, 0, 0, 1, 20
"c:\Users\chris\Documents\GitHub\twitter-clone\backend\Model\vendor\paragonie\sodium_compat\.github\workflows\ci.yml", "YAML", 0, 0, 0, 0, 0, 0, 0, 0, 0, 81, 0, 0, 0, 16, 97
"c:\Users\chris\Documents\GitHub\twitter-clone\backend\Model\vendor\paragonie\sodium_compat\README.md", "Markdown", 0, 0, 0, 271, 0, 0, 0, 0, 0, 0, 0, 0, 0, 77, 348
"c:\Users\chris\Documents\GitHub\twitter-clone\backend\Model\vendor\paragonie\sodium_compat\appveyor.yml", "YAML", 0, 0, 0, 0, 0, 0, 0, 0, 0, 25, 0, 0, 0, 3, 28
"c:\Users\chris\Documents\GitHub\twitter-clone\backend\Model\vendor\paragonie\sodium_compat\autoload-fast.php", "PHP", 3, 0, 0, 0, 0, 0, 0, 0, 0, 0, 0, 0, 0, 2, 5
"c:\Users\chris\Documents\GitHub\twitter-clone\backend\Model\vendor\paragonie\sodium_compat\autoload-pedantic.php", "PHP", 4, 0, 0, 0, 0, 0, 0, 0, 0, 0, 0, 0, 0, 3, 7
"c:\Users\chris\Documents\GitHub\twitter-clone\backend\Model\vendor\paragonie\sodium_compat\autoload-php7.php", "PHP", 18, 0, 0, 0, 0, 0, 0, 0, 0, 0, 0, 0, 10, 4, 32
"c:\Users\chris\Documents\GitHub\twitter-clone\backend\Model\vendor\paragonie\sodium_compat\autoload-phpunit.php", "PHP", 6, 0, 0, 0, 0, 0, 0, 0, 0, 0, 0, 0, 0, 3, 9
"c:\Users\chris\Documents\GitHub\twitter-clone\backend\Model\vendor\paragonie\sodium_compat\autoload.php", "PHP", 47, 0, 0, 0, 0, 0, 0, 0, 0, 0, 0, 0, 19, 7, 73
"c:\Users\chris\Documents\GitHub\twitter-clone\backend\Model\vendor\paragonie\sodium_compat\build-phar.sh", "Shell Script", 0, 0, 0, 0, 0, 0, 0, 0, 0, 0, 4, 0, 2, 3, 9
"c:\Users\chris\Documents\GitHub\twitter-clone\backend\Model\vendor\paragonie\sodium_compat\composer-php52.json", "JSON", 0, 0, 0, 0, 0, 0, 0, 87, 0, 0, 0, 0, 0, 1, 88
"c:\Users\chris\Documents\GitHub\twitter-clone\backend\Model\vendor\paragonie\sodium_compat\composer.json", "JSON", 0, 0, 0, 0, 0, 0, 0, 66, 0, 0, 0, 0, 0, 1, 67
"c:\Users\chris\Documents\GitHub\twitter-clone\backend\Model\vendor\paragonie\sodium_compat\dist\Makefile", "Makefile", 0, 0, 0, 0, 0, 0, 0, 0, 0, 0, 0, 26, 4, 10, 40
"c:\Users\chris\Documents\GitHub\twitter-clone\backend\Model\vendor\paragonie\sodium_compat\dist\box.json", "JSON", 0, 0, 0, 0, 0, 0, 0, 32, 0, 0, 0, 0, 0, 1, 33
"c:\Users\chris\Documents\GitHub\twitter-clone\backend\Model\vendor\paragonie\sodium_compat\lib\constants.php", "PHP", 49, 0, 0, 0, 0, 0, 0, 0, 0, 0, 0, 0, 0, 4, 53
"c:\Users\chris\Documents\GitHub\twitter-clone\backend\Model\vendor\paragonie\sodium_compat\lib\namespaced.php", "PHP", 22, 0, 0, 0, 0, 0, 0, 0, 0, 0, 0, 0, 21, 6, 49
"c:\Users\chris\Documents\GitHub\twitter-clone\backend\Model\vendor\paragonie\sodium_compat\lib\php72compat.php", "PHP", 706, 0, 0, 0, 0, 0, 0, 0, 0, 0, 0, 0, 659, 5, 1370
"c:\Users\chris\Documents\GitHub\twitter-clone\backend\Model\vendor\paragonie\sodium_compat\lib\php72compat_const.php", "PHP", 90, 0, 0, 0, 0, 0, 0, 0, 0, 0, 0, 0, 0, 3, 93
"c:\Users\chris\Documents\GitHub\twitter-clone\backend\Model\vendor\paragonie\sodium_compat\lib\ristretto255.php", "PHP", 128, 0, 0, 0, 0, 0, 0, 0, 0, 0, 0, 0, 109, 2, 239
"c:\Users\chris\Documents\GitHub\twitter-clone\backend\Model\vendor\paragonie\sodium_compat\lib\sodium_compat.php", "PHP", 385, 0, 0, 0, 0, 0, 0, 0, 0, 0, 0, 0, 436, 7, 828
"c:\Users\chris\Documents\GitHub\twitter-clone\backend\Model\vendor\paragonie\sodium_compat\lib\stream-xchacha20.php", "PHP", 19, 0, 0, 0, 0, 0, 0, 0, 0, 0, 0, 0, 23, 2, 44
"c:\Users\chris\Documents\GitHub\twitter-clone\backend\Model\vendor\paragonie\sodium_compat\namespaced\Compat.php", "PHP", 5, 0, 0, 0, 0, 0, 0, 0, 0, 0, 0, 0, 0, 3, 8
"c:\Users\chris\Documents\GitHub\twitter-clone\backend\Model\vendor\paragonie\sodium_compat\namespaced\Core\BLAKE2b.php", "PHP", 5, 0, 0, 0, 0, 0, 0, 0, 0, 0, 0, 0, 0, 3, 8
"c:\Users\chris\Documents\GitHub\twitter-clone\backend\Model\vendor\paragonie\sodium_compat\namespaced\Core\ChaCha20.php", "PHP", 5, 0, 0, 0, 0, 0, 0, 0, 0, 0, 0, 0, 0, 3, 8
"c:\Users\chris\Documents\GitHub\twitter-clone\backend\Model\vendor\paragonie\sodium_compat\namespaced\Core\ChaCha20\Ctx.php", "PHP", 5, 0, 0, 0, 0, 0, 0, 0, 0, 0, 0, 0, 0, 3, 8
"c:\Users\chris\Documents\GitHub\twitter-clone\backend\Model\vendor\paragonie\sodium_compat\namespaced\Core\ChaCha20\IetfCtx.php", "PHP", 5, 0, 0, 0, 0, 0, 0, 0, 0, 0, 0, 0, 0, 3, 8
"c:\Users\chris\Documents\GitHub\twitter-clone\backend\Model\vendor\paragonie\sodium_compat\namespaced\Core\Curve25519.php", "PHP", 5, 0, 0, 0, 0, 0, 0, 0, 0, 0, 0, 0, 0, 3, 8
"c:\Users\chris\Documents\GitHub\twitter-clone\backend\Model\vendor\paragonie\sodium_compat\namespaced\Core\Curve25519\Fe.php", "PHP", 5, 0, 0, 0, 0, 0, 0, 0, 0, 0, 0, 0, 0, 3, 8
"c:\Users\chris\Documents\GitHub\twitter-clone\backend\Model\vendor\paragonie\sodium_compat\namespaced\Core\Curve25519\Ge\Cached.php", "PHP", 5, 0, 0, 0, 0, 0, 0, 0, 0, 0, 0, 0, 0, 3, 8
"c:\Users\chris\Documents\GitHub\twitter-clone\backend\Model\vendor\paragonie\sodium_compat\namespaced\Core\Curve25519\Ge\P1p1.php", "PHP", 5, 0, 0, 0, 0, 0, 0, 0, 0, 0, 0, 0, 0, 3, 8
"c:\Users\chris\Documents\GitHub\twitter-clone\backend\Model\vendor\paragonie\sodium_compat\namespaced\Core\Curve25519\Ge\P2.php", "PHP", 5, 0, 0, 0, 0, 0, 0, 0, 0, 0, 0, 0, 0, 3, 8
"c:\Users\chris\Documents\GitHub\twitter-clone\backend\Model\vendor\paragonie\sodium_compat\namespaced\Core\Curve25519\Ge\P3.php", "PHP", 5, 0, 0, 0, 0, 0, 0, 0, 0, 0, 0, 0, 0, 3, 8
"c:\Users\chris\Documents\GitHub\twitter-clone\backend\Model\vendor\paragonie\sodium_compat\namespaced\Core\Curve25519\Ge\Precomp.php", "PHP", 5, 0, 0, 0, 0, 0, 0, 0, 0, 0, 0, 0, 0, 3, 8
"c:\Users\chris\Documents\GitHub\twitter-clone\backend\Model\vendor\paragonie\sodium_compat\namespaced\Core\Curve25519\H.php", "PHP", 5, 0, 0, 0, 0, 0, 0, 0, 0, 0, 0, 0, 0, 3, 8
"c:\Users\chris\Documents\GitHub\twitter-clone\backend\Model\vendor\paragonie\sodium_compat\namespaced\Core\Ed25519.php", "PHP", 5, 0, 0, 0, 0, 0, 0, 0, 0, 0, 0, 0, 0, 3, 8
"c:\Users\chris\Documents\GitHub\twitter-clone\backend\Model\vendor\paragonie\sodium_compat\namespaced\Core\HChaCha20.php", "PHP", 5, 0, 0, 0, 0, 0, 0, 0, 0, 0, 0, 0, 0, 3, 8
"c:\Users\chris\Documents\GitHub\twitter-clone\backend\Model\vendor\paragonie\sodium_compat\namespaced\Core\HSalsa20.php", "PHP", 5, 0, 0, 0, 0, 0, 0, 0, 0, 0, 0, 0, 0, 3, 8
"c:\Users\chris\Documents\GitHub\twitter-clone\backend\Model\vendor\paragonie\sodium_compat\namespaced\Core\Poly1305.php", "PHP", 5, 0, 0, 0, 0, 0, 0, 0, 0, 0, 0, 0, 0, 3, 8
"c:\Users\chris\Documents\GitHub\twitter-clone\backend\Model\vendor\paragonie\sodium_compat\namespaced\Core\Poly1305\State.php", "PHP", 5, 0, 0, 0, 0, 0, 0, 0, 0, 0, 0, 0, 0, 3, 8
"c:\Users\chris\Documents\GitHub\twitter-clone\backend\Model\vendor\paragonie\sodium_compat\namespaced\Core\Salsa20.php", "PHP", 5, 0, 0, 0, 0, 0, 0, 0, 0, 0, 0, 0, 0, 3, 8
"c:\Users\chris\Documents\GitHub\twitter-clone\backend\Model\vendor\paragonie\sodium_compat\namespaced\Core\SipHash.php", "PHP", 5, 0, 0, 0, 0, 0, 0, 0, 0, 0, 0, 0, 0, 3, 8
"c:\Users\chris\Documents\GitHub\twitter-clone\backend\Model\vendor\paragonie\sodium_compat\namespaced\Core\Util.php", "PHP", 5, 0, 0, 0, 0, 0, 0, 0, 0, 0, 0, 0, 0, 3, 8
"c:\Users\chris\Documents\GitHub\twitter-clone\backend\Model\vendor\paragonie\sodium_compat\namespaced\Core\X25519.php", "PHP", 5, 0, 0, 0, 0, 0, 0, 0, 0, 0, 0, 0, 0, 3, 8
"c:\Users\chris\Documents\GitHub\twitter-clone\backend\Model\vendor\paragonie\sodium_compat\namespaced\Core\XChaCha20.php", "PHP", 5, 0, 0, 0, 0, 0, 0, 0, 0, 0, 0, 0, 0, 3, 8
"c:\Users\chris\Documents\GitHub\twitter-clone\backend\Model\vendor\paragonie\sodium_compat\namespaced\Core\Xsalsa20.php", "PHP", 5, 0, 0, 0, 0, 0, 0, 0, 0, 0, 0, 0, 0, 3, 8
"c:\Users\chris\Documents\GitHub\twitter-clone\backend\Model\vendor\paragonie\sodium_compat\namespaced\Crypto.php", "PHP", 5, 0, 0, 0, 0, 0, 0, 0, 0, 0, 0, 0, 0, 3, 8
"c:\Users\chris\Documents\GitHub\twitter-clone\backend\Model\vendor\paragonie\sodium_compat\namespaced\File.php", "PHP", 5, 0, 0, 0, 0, 0, 0, 0, 0, 0, 0, 0, 0, 3, 8
"c:\Users\chris\Documents\GitHub\twitter-clone\backend\Model\vendor\paragonie\sodium_compat\psalm-above-3.xml", "XML", 0, 0, 0, 0, 0, 0, 0, 0, 25, 0, 0, 0, 24, 9, 58
"c:\Users\chris\Documents\GitHub\twitter-clone\backend\Model\vendor\paragonie\sodium_compat\psalm-below-3.xml", "XML", 0, 0, 0, 0, 0, 0, 0, 0, 19, 0, 0, 0, 18, 7, 44
"c:\Users\chris\Documents\GitHub\twitter-clone\backend\Model\vendor\paragonie\sodium_compat\src\Compat.php", "PHP", 2276, 0, 0, 0, 0, 0, 0, 0, 0, 0, 0, 0, 1409, 263, 3948
"c:\Users\chris\Documents\GitHub\twitter-clone\backend\Model\vendor\paragonie\sodium_compat\src\Core32\BLAKE2b.php", "PHP", 379, 0, 0, 0, 0, 0, 0, 0, 0, 0, 0, 0, 270, 71, 720
"c:\Users\chris\Documents\GitHub\twitter-clone\backend\Model\vendor\paragonie\sodium_compat\src\Core32\ChaCha20.php", "PHP", 183, 0, 0, 0, 0, 0, 0, 0, 0, 0, 0, 0, 186, 32, 401
"c:\Users\chris\Documents\GitHub\twitter-clone\backend\Model\vendor\paragonie\sodium_compat\src\Core32\ChaCha20\Ctx.php", "PHP", 64, 0, 0, 0, 0, 0, 0, 0, 0, 0, 0, 0, 52, 11, 127
"c:\Users\chris\Documents\GitHub\twitter-clone\backend\Model\vendor\paragonie\sodium_compat\src\Core32\ChaCha20\IetfCtx.php", "PHP", 20, 0, 0, 0, 0, 0, 0, 0, 0, 0, 0, 0, 16, 4, 40
"c:\Users\chris\Documents\GitHub\twitter-clone\backend\Model\vendor\paragonie\sodium_compat\src\Core32\Curve25519.php", "PHP", 2310, 0, 0, 0, 0, 0, 0, 0, 0, 0, 0, 0, 659, 228, 3197
"c:\Users\chris\Documents\GitHub\twitter-clone\backend\Model\vendor\paragonie\sodium_compat\src\Core32\Curve25519\Fe.php", "PHP", 106, 0, 0, 0, 0, 0, 0, 0, 0, 0, 0, 0, 67, 13, 186
"c:\Users\chris\Documents\GitHub\twitter-clone\backend\Model\vendor\paragonie\sodium_compat\src\Core32\Curve25519\Ge\Cached.php", "PHP", 34, 0, 0, 0, 0, 0, 0, 0, 0, 0, 0, 0, 25, 7, 66
"c:\Users\chris\Documents\GitHub\twitter-clone\backend\Model\vendor\paragonie\sodium_compat\src\Core32\Curve25519\Ge\P1p1.php", "PHP", 34, 0, 0, 0, 0, 0, 0, 0, 0, 0, 0, 0, 28, 6, 68
"c:\Users\chris\Documents\GitHub\twitter-clone\backend\Model\vendor\paragonie\sodium_compat\src\Core32\Curve25519\Ge\P2.php", "PHP", 28, 0, 0, 0, 0, 0, 0, 0, 0, 0, 0, 0, 21, 6, 55
"c:\Users\chris\Documents\GitHub\twitter-clone\backend\Model\vendor\paragonie\sodium_compat\src\Core32\Curve25519\Ge\P3.php", "PHP", 34, 0, 0, 0, 0, 0, 0, 0, 0, 0, 0, 0, 25, 7, 66
"c:\Users\chris\Documents\GitHub\twitter-clone\backend\Model\vendor\paragonie\sodium_compat\src\Core32\Curve25519\Ge\Precomp.php", "PHP", 28, 0, 0, 0, 0, 0, 0, 0, 0, 0, 0, 0, 23, 6, 57
"c:\Users\chris\Documents\GitHub\twitter-clone\backend\Model\vendor\paragonie\sodium_compat\src\Core32\Curve25519\H.php", "PHP", 1431, 0, 0, 0, 0, 0, 0, 0, 0, 0, 0, 0, 30, 7, 1468
"c:\Users\chris\Documents\GitHub\twitter-clone\backend\Model\vendor\paragonie\sodium_compat\src\Core32\Curve25519\README.md", "Markdown", 0, 0, 0, 2, 0, 0, 0, 0, 0, 0, 0, 0, 0, 2, 4
"c:\Users\chris\Documents\GitHub\twitter-clone\backend\Model\vendor\paragonie\sodium_compat\src\Core32\Ed25519.php", "PHP", 304, 0, 0, 0, 0, 0, 0, 0, 0, 0, 0, 0, 137, 42, 483
"c:\Users\chris\Documents\GitHub\twitter-clone\backend\Model\vendor\paragonie\sodium_compat\src\Core32\HChaCha20.php", "PHP", 80, 0, 0, 0, 0, 0, 0, 0, 0, 0, 0, 0, 33, 15, 128
"c:\Users\chris\Documents\GitHub\twitter-clone\backend\Model\vendor\paragonie\sodium_compat\src\Core32\HSalsa20.php", "PHP", 78, 0, 0, 0, 0, 0, 0, 0, 0, 0, 0, 0, 52, 12, 142
"c:\Users\chris\Documents\GitHub\twitter-clone\backend\Model\vendor\paragonie\sodium_compat\src\Core32\Int32.php", "PHP", 536, 0, 0, 0, 0, 0, 0, 0, 0, 0, 0, 0, 247, 89, 872
"c:\Users\chris\Documents\GitHub\twitter-clone\backend\Model\vendor\paragonie\sodium_compat\src\Core32\Int64.php", "PHP", 705, 0, 0, 0, 0, 0, 0, 0, 0, 0, 0, 0, 265, 97, 1067
"c:\Users\chris\Documents\GitHub\twitter-clone\backend\Model\vendor\paragonie\sodium_compat\src\Core32\Poly1305.php", "PHP", 37, 0, 0, 0, 0, 0, 0, 0, 0, 0, 0, 0, 22, 5, 64
"c:\Users\chris\Documents\GitHub\twitter-clone\backend\Model\vendor\paragonie\sodium_compat\src\Core32\Poly1305\State.php", "PHP", 290, 0, 0, 0, 0, 0, 0, 0, 0, 0, 0, 0, 113, 49, 452
"c:\Users\chris\Documents\GitHub\twitter-clone\backend\Model\vendor\paragonie\sodium_compat\src\Core32\Salsa20.php", "PHP", 203, 0, 0, 0, 0, 0, 0, 0, 0, 0, 0, 0, 82, 22, 307
"c:\Users\chris\Documents\GitHub\twitter-clone\backend\Model\vendor\paragonie\sodium_compat\src\Core32\SecretStream\State.php", "PHP", 99, 0, 0, 0, 0, 0, 0, 0, 0, 0, 0, 0, 48, 17, 164
"c:\Users\chris\Documents\GitHub\twitter-clone\backend\Model\vendor\paragonie\sodium_compat\src\Core32\SipHash.php", "PHP", 184, 0, 0, 0, 0, 0, 0, 0, 0, 0, 0, 0, 21, 34, 239
"c:\Users\chris\Documents\GitHub\twitter-clone\backend\Model\vendor\paragonie\sodium_compat\src\Core32\Util.php", "PHP", 7, 0, 0, 0, 0, 0, 0, 0, 0, 0, 0, 0, 3, 4, 14
"c:\Users\chris\Documents\GitHub\twitter-clone\backend\Model\vendor\paragonie\sodium_compat\src\Core32\X25519.php", "PHP", 228, 0, 0, 0, 0, 0, 0, 0, 0, 0, 0, 0, 69, 49, 346
"c:\Users\chris\Documents\GitHub\twitter-clone\backend\Model\vendor\paragonie\sodium_compat\src\Core32\XChaCha20.php", "PHP", 37, 0, 0, 0, 0, 0, 0, 0, 0, 0, 0, 0, 24, 4, 65
"c:\Users\chris\Documents\GitHub\twitter-clone\backend\Model\vendor\paragonie\sodium_compat\src\Core32\XSalsa20.php", "PHP", 27, 0, 0, 0, 0, 0, 0, 0, 0, 0, 0, 0, 27, 4, 58
"c:\Users\chris\Documents\GitHub\twitter-clone\backend\Model\vendor\paragonie\sodium_compat\src\Core\BLAKE2b.php", "PHP", 449, 0, 0, 0, 0, 0, 0, 0, 0, 0, 0, 0, 267, 75, 791
"c:\Users\chris\Documents\GitHub\twitter-clone\backend\Model\vendor\paragonie\sodium_compat\src\Core\Base64\Common.php", "PHP", 128, 0, 0, 0, 0, 0, 0, 0, 0, 0, 0, 0, 74, 12, 214
"c:\Users\chris\Documents\GitHub\twitter-clone\backend\Model\vendor\paragonie\sodium_compat\src\Core\Base64\Original.php", "PHP", 145, 0, 0, 0, 0, 0, 0, 0, 0, 0, 0, 0, 81, 23, 249
"c:\Users\chris\Documents\GitHub\twitter-clone\backend\Model\vendor\paragonie\sodium_compat\src\Core\Base64\UrlSafe.php", "PHP", 145, 0, 0, 0, 0, 0, 0, 0, 0, 0, 0, 0, 81, 22, 248
"c:\Users\chris\Documents\GitHub\twitter-clone\backend\Model\vendor\paragonie\sodium_compat\src\Core\ChaCha20.php", "PHP", 191, 0, 0, 0, 0, 0, 0, 0, 0, 0, 0, 0, 176, 29, 396
"c:\Users\chris\Documents\GitHub\twitter-clone\backend\Model\vendor\paragonie\sodium_compat\src\Core\ChaCha20\Ctx.php", "PHP", 63, 0, 0, 0, 0, 0, 0, 0, 0, 0, 0, 0, 47, 10, 120
"c:\Users\chris\Documents\GitHub\twitter-clone\backend\Model\vendor\paragonie\sodium_compat\src\Core\ChaCha20\IetfCtx.php", "PHP", 20, 0, 0, 0, 0, 0, 0, 0, 0, 0, 0, 0, 15, 4, 39
"c:\Users\chris\Documents\GitHub\twitter-clone\backend\Model\vendor\paragonie\sodium_compat\src\Core\Curve25519.php", "PHP", 2651, 0, 0, 0, 0, 0, 0, 0, 0, 0, 0, 0, 1221, 235, 4107
"c:\Users\chris\Documents\GitHub\twitter-clone\backend\Model\vendor\paragonie\sodium_compat\src\Core\Curve25519\Fe.php", "PHP", 60, 0, 0, 0, 0, 0, 0, 0, 0, 0, 0, 0, 53, 11, 124
"c:\Users\chris\Documents\GitHub\twitter-clone\backend\Model\vendor\paragonie\sodium_compat\src\Core\Curve25519\Ge\Cached.php", "PHP", 34, 0, 0, 0, 0, 0, 0, 0, 0, 0, 0, 0, 25, 7, 66
"c:\Users\chris\Documents\GitHub\twitter-clone\backend\Model\vendor\paragonie\sodium_compat\src\Core\Curve25519\Ge\P1p1.php", "PHP", 34, 0, 0, 0, 0, 0, 0, 0, 0, 0, 0, 0, 25, 6, 65
"c:\Users\chris\Documents\GitHub\twitter-clone\backend\Model\vendor\paragonie\sodium_compat\src\Core\Curve25519\Ge\P2.php", "PHP", 28, 0, 0, 0, 0, 0, 0, 0, 0, 0, 0, 0, 21, 6, 55
"c:\Users\chris\Documents\GitHub\twitter-clone\backend\Model\vendor\paragonie\sodium_compat\src\Core\Curve25519\Ge\P3.php", "PHP", 34, 0, 0, 0, 0, 0, 0, 0, 0, 0, 0, 0, 25, 7, 66
"c:\Users\chris\Documents\GitHub\twitter-clone\backend\Model\vendor\paragonie\sodium_compat\src\Core\Curve25519\Ge\Precomp.php", "PHP", 28, 0, 0, 0, 0, 0, 0, 0, 0, 0, 0, 0, 21, 6, 55
"c:\Users\chris\Documents\GitHub\twitter-clone\backend\Model\vendor\paragonie\sodium_compat\src\Core\Curve25519\H.php", "PHP", 1480, 0, 0, 0, 0, 0, 0, 0, 0, 0, 0, 0, 57, 13, 1550
"c:\Users\chris\Documents\GitHub\twitter-clone\backend\Model\vendor\paragonie\sodium_compat\src\Core\Curve25519\README.md", "Markdown", 0, 0, 0, 2, 0, 0, 0, 0, 0, 0, 0, 0, 0, 2, 4
"c:\Users\chris\Documents\GitHub\twitter-clone\backend\Model\vendor\paragonie\sodium_compat\src\Core\Ed25519.php", "PHP", 344, 0, 0, 0, 0, 0, 0, 0, 0, 0, 0, 0, 162, 46, 552
"c:\Users\chris\Documents\GitHub\twitter-clone\backend\Model\vendor\paragonie\sodium_compat\src\Core\HChaCha20.php", "PHP", 80, 0, 0, 0, 0, 0, 0, 0, 0, 0, 0, 0, 15, 14, 109
"c:\Users\chris\Documents\GitHub\twitter-clone\backend\Model\vendor\paragonie\sodium_compat\src\Core\HSalsa20.php", "PHP", 75, 0, 0, 0, 0, 0, 0, 0, 0, 0, 0, 0, 17, 5, 97
"c:\Users\chris\Documents\GitHub\twitter-clone\backend\Model\vendor\paragonie\sodium_compat\src\Core\Poly1305.php", "PHP", 37, 0, 0, 0, 0, 0, 0, 0, 0, 0, 0, 0, 22, 5, 64
"c:\Users\chris\Documents\GitHub\twitter-clone\backend\Model\vendor\paragonie\sodium_compat\src\Core\Poly1305\State.php", "PHP", 277, 0, 0, 0, 0, 0, 0, 0, 0, 0, 0, 0, 120, 49, 446
"c:\Users\chris\Documents\GitHub\twitter-clone\backend\Model\vendor\paragonie\sodium_compat\src\Core\Ristretto255.php", "PHP", 444, 0, 0, 0, 0, 0, 0, 0, 0, 0, 0, 0, 185, 79, 708
"c:\Users\chris\Documents\GitHub\twitter-clone\backend\Model\vendor\paragonie\sodium_compat\src\Core\Salsa20.php", "PHP", 198, 0, 0, 0, 0, 0, 0, 0, 0, 0, 0, 0, 54, 22, 274
"c:\Users\chris\Documents\GitHub\twitter-clone\backend\Model\vendor\paragonie\sodium_compat\src\Core\SecretStream\State.php", "PHP", 99, 0, 0, 0, 0, 0, 0, 0, 0, 0, 0, 0, 48, 17, 164
"c:\Users\chris\Documents\GitHub\twitter-clone\backend\Model\vendor\paragonie\sodium_compat\src\Core\SipHash.php", "PHP", 213, 0, 0, 0, 0, 0, 0, 0, 0, 0, 0, 0, 58, 36, 307
"c:\Users\chris\Documents\GitHub\twitter-clone\backend\Model\vendor\paragonie\sodium_compat\src\Core\Util.php", "PHP", 496, 0, 0, 0, 0, 0, 0, 0, 0, 0, 0, 0, 388, 59, 943
"c:\Users\chris\Documents\GitHub\twitter-clone\backend\Model\vendor\paragonie\sodium_compat\src\Core\X25519.php", "PHP", 235, 0, 0, 0, 0, 0, 0, 0, 0, 0, 0, 0, 58, 35, 328
"c:\Users\chris\Documents\GitHub\twitter-clone\backend\Model\vendor\paragonie\sodium_compat\src\Core\XChaCha20.php", "PHP", 67, 0, 0, 0, 0, 0, 0, 0, 0, 0, 0, 0, 45, 6, 118
"c:\Users\chris\Documents\GitHub\twitter-clone\backend\Model\vendor\paragonie\sodium_compat\src\Core\XSalsa20.php", "PHP", 27, 0, 0, 0, 0, 0, 0, 0, 0, 0, 0, 0, 27, 4, 58
"c:\Users\chris\Documents\GitHub\twitter-clone\backend\Model\vendor\paragonie\sodium_compat\src\Crypto.php", "PHP", 943, 0, 0, 0, 0, 0, 0, 0, 0, 0, 0, 0, 529, 184, 1656
"c:\Users\chris\Documents\GitHub\twitter-clone\backend\Model\vendor\paragonie\sodium_compat\src\Crypto32.php", "PHP", 942, 0, 0, 0, 0, 0, 0, 0, 0, 0, 0, 0, 529, 184, 1655
"c:\Users\chris\Documents\GitHub\twitter-clone\backend\Model\vendor\paragonie\sodium_compat\src\File.php", "PHP", 949, 0, 0, 0, 0, 0, 0, 0, 0, 0, 0, 0, 436, 176, 1561
"c:\Users\chris\Documents\GitHub\twitter-clone\backend\Model\vendor\paragonie\sodium_compat\src\PHP52\SplFixedArray.php", "PHP", 92, 0, 0, 0, 0, 0, 0, 0, 0, 0, 0, 0, 78, 19, 189
"c:\Users\chris\Documents\GitHub\twitter-clone\backend\Model\vendor\paragonie\sodium_compat\src\SodiumException.php", "PHP", 6, 0, 0, 0, 0, 0, 0, 0, 0, 0, 0, 0, 3, 3, 12
"c:\Users\chris\Documents\GitHub\twitter-clone\backend\Model\vendor\psr\http-client\CHANGELOG.md", "Markdown", 0, 0, 0, 12, 0, 0, 0, 0, 0, 0, 0, 0, 0, 12, 24
"c:\Users\chris\Documents\GitHub\twitter-clone\backend\Model\vendor\psr\http-client\README.md", "Markdown", 0, 0, 0, 8, 0, 0, 0, 0, 0, 0, 0, 0, 0, 5, 13
"c:\Users\chris\Documents\GitHub\twitter-clone\backend\Model\vendor\psr\http-client\composer.json", "JSON", 0, 0, 0, 0, 0, 0, 0, 27, 0, 0, 0, 0, 0, 1, 28
"c:\Users\chris\Documents\GitHub\twitter-clone\backend\Model\vendor\psr\http-client\src\ClientExceptionInterface.php", "PHP", 5, 0, 0, 0, 0, 0, 0, 0, 0, 0, 0, 0, 3, 3, 11
"c:\Users\chris\Documents\GitHub\twitter-clone\backend\Model\vendor\psr\http-client\src\ClientInterface.php", "PHP", 8, 0, 0, 0, 0, 0, 0, 0, 0, 0, 0, 0, 9, 4, 21
"c:\Users\chris\Documents\GitHub\twitter-clone\backend\Model\vendor\psr\http-client\src\NetworkExceptionInterface.php", "PHP", 7, 0, 0, 0, 0, 0, 0, 0, 0, 0, 0, 0, 14, 4, 25
"c:\Users\chris\Documents\GitHub\twitter-clone\backend\Model\vendor\psr\http-client\src\RequestExceptionInterface.php", "PHP", 7, 0, 0, 0, 0, 0, 0, 0, 0, 0, 0, 0, 14, 4, 25
"c:\Users\chris\Documents\GitHub\twitter-clone\backend\Model\vendor\psr\http-message\CHANGELOG.md", "Markdown", 0, 0, 0, 24, 0, 0, 0, 0, 0, 0, 0, 0, 0, 13, 37
"c:\Users\chris\Documents\GitHub\twitter-clone\backend\Model\vendor\psr\http-message\README.md", "Markdown", 0, 0, 0, 9, 0, 0, 0, 0, 0, 0, 0, 0, 0, 4, 13
"c:\Users\chris\Documents\GitHub\twitter-clone\backend\Model\vendor\psr\http-message\composer.json", "JSON", 0, 0, 0, 0, 0, 0, 0, 26, 0, 0, 0, 0, 0, 1, 27
"c:\Users\chris\Documents\GitHub\twitter-clone\backend\Model\vendor\psr\http-message\src\MessageInterface.php", "PHP", 16, 0, 0, 0, 0, 0, 0, 0, 0, 0, 0, 0, 159, 13, 188
"c:\Users\chris\Documents\GitHub\twitter-clone\backend\Model\vendor\psr\http-message\src\RequestInterface.php", "PHP", 11, 0, 0, 0, 0, 0, 0, 0, 0, 0, 0, 0, 111, 8, 130
"c:\Users\chris\Documents\GitHub\twitter-clone\backend\Model\vendor\psr\http-message\src\ResponseInterface.php", "PHP", 8, 0, 0, 0, 0, 0, 0, 0, 0, 0, 0, 0, 56, 5, 69
"c:\Users\chris\Documents\GitHub\twitter-clone\backend\Model\vendor\psr\http-message\src\ServerRequestInterface.php", "PHP", 18, 0, 0, 0, 0, 0, 0, 0, 0, 0, 0, 0, 229, 15, 262
"c:\Users\chris\Documents\GitHub\twitter-clone\backend\Model\vendor\psr\http-message\src\StreamInterface.php", "PHP", 20, 0, 0, 0, 0, 0, 0, 0, 0, 0, 0, 0, 122, 17, 159
"c:\Users\chris\Documents\GitHub\twitter-clone\backend\Model\vendor\psr\http-message\src\UploadedFileInterface.php", "PHP", 11, 0, 0, 0, 0, 0, 0, 0, 0, 0, 0, 0, 105, 8, 124
"c:\Users\chris\Documents\GitHub\twitter-clone\backend\Model\vendor\psr\http-message\src\UriInterface.php", "PHP", 21, 0, 0, 0, 0, 0, 0, 0, 0, 0, 0, 0, 286, 17, 324
"c:\Users\chris\Documents\GitHub\twitter-clone\backend\Model\vendor\psr\log\Psr\Log\AbstractLogger.php", "PHP", 37, 0, 0, 0, 0, 0, 0, 0, 0, 0, 0, 0, 82, 10, 129
"c:\Users\chris\Documents\GitHub\twitter-clone\backend\Model\vendor\psr\log\Psr\Log\InvalidArgumentException.php", "PHP", 5, 0, 0, 0, 0, 0, 0, 0, 0, 0, 0, 0, 0, 3, 8
"c:\Users\chris\Documents\GitHub\twitter-clone\backend\Model\vendor\psr\log\Psr\Log\LogLevel.php", "PHP", 13, 0, 0, 0, 0, 0, 0, 0, 0, 0, 0, 0, 3, 3, 19
"c:\Users\chris\Documents\GitHub\twitter-clone\backend\Model\vendor\psr\log\Psr\Log\LoggerAwareInterface.php", "PHP", 6, 0, 0, 0, 0, 0, 0, 0, 0, 0, 0, 0, 10, 3, 19
"c:\Users\chris\Documents\GitHub\twitter-clone\backend\Model\vendor\psr\log\Psr\Log\LoggerAwareTrait.php", "PHP", 10, 0, 0, 0, 0, 0, 0, 0, 0, 0, 0, 0, 13, 4, 27
"c:\Users\chris\Documents\GitHub\twitter-clone\backend\Model\vendor\psr\log\Psr\Log\LoggerInterface.php", "PHP", 14, 0, 0, 0, 0, 0, 0, 0, 0, 0, 0, 0, 101, 11, 126
"c:\Users\chris\Documents\GitHub\twitter-clone\backend\Model\vendor\psr\log\Psr\Log\LoggerTrait.php", "PHP", 38, 0, 0, 0, 0, 0, 0, 0, 0, 0, 0, 0, 94, 11, 143
"c:\Users\chris\Documents\GitHub\twitter-clone\backend\Model\vendor\psr\log\Psr\Log\NullLogger.php", "PHP", 8, 0, 0, 0, 0, 0, 0, 0, 0, 0, 0, 0, 20, 3, 31
"c:\Users\chris\Documents\GitHub\twitter-clone\backend\Model\vendor\psr\log\Psr\Log\Test\DummyTest.php", "PHP", 9, 0, 0, 0, 0, 0, 0, 0, 0, 0, 0, 0, 7, 3, 19
"c:\Users\chris\Documents\GitHub\twitter-clone\backend\Model\vendor\psr\log\Psr\Log\Test\LoggerInterfaceTest.php", "PHP", 94, 0, 0, 0, 0, 0, 0, 0, 0, 0, 0, 0, 24, 21, 139
"c:\Users\chris\Documents\GitHub\twitter-clone\backend\Model\vendor\psr\log\Psr\Log\Test\TestLogger.php", "PHP", 78, 0, 0, 0, 0, 0, 0, 0, 0, 0, 0, 0, 56, 14, 148
"c:\Users\chris\Documents\GitHub\twitter-clone\backend\Model\vendor\psr\log\README.md", "Markdown", 0, 0, 0, 43, 0, 0, 0, 0, 0, 0, 0, 0, 0, 16, 59
"c:\Users\chris\Documents\GitHub\twitter-clone\backend\Model\vendor\psr\log\composer.json", "JSON", 0, 0, 0, 0, 0, 0, 0, 26, 0, 0, 0, 0, 0, 1, 27
"c:\Users\chris\Documents\GitHub\twitter-clone\backend\Model\vendor\pusher\pusher-php-server\CHANGELOG.md", "Markdown", 0, 0, 0, 118, 0, 0, 0, 0, 0, 0, 0, 0, 0, 89, 207
"c:\Users\chris\Documents\GitHub\twitter-clone\backend\Model\vendor\pusher\pusher-php-server\composer.json", "JSON", 0, 0, 0, 0, 0, 0, 0, 35, 0, 0, 0, 0, 0, 1, 36
"c:\Users\chris\Documents\GitHub\twitter-clone\backend\Model\vendor\pusher\pusher-php-server\pull_request_template.md", "Markdown", 0, 0, 0, 4, 0, 0, 0, 0, 0, 0, 0, 0, 0, 4, 8
"c:\Users\chris\Documents\GitHub\twitter-clone\backend\Model\vendor\pusher\pusher-php-server\src\ApiErrorException.php", "PHP", 9, 0, 0, 0, 0, 0, 0, 0, 0, 0, 0, 0, 10, 3, 22
"c:\Users\chris\Documents\GitHub\twitter-clone\backend\Model\vendor\pusher\pusher-php-server\src\Pusher.php", "PHP", 433, 0, 0, 0, 0, 0, 0, 0, 0, 0, 0, 0, 273, 123, 829
"c:\Users\chris\Documents\GitHub\twitter-clone\backend\Model\vendor\pusher\pusher-php-server\src\PusherCrypto.php", "PHP", 91, 0, 0, 0, 0, 0, 0, 0, 0, 0, 0, 0, 63, 24, 178
"c:\Users\chris\Documents\GitHub\twitter-clone\backend\Model\vendor\pusher\pusher-php-server\src\PusherException.php", "PHP", 6, 0, 0, 0, 0, 0, 0, 0, 0, 0, 0, 0, 0, 4, 10
"c:\Users\chris\Documents\GitHub\twitter-clone\backend\Model\vendor\pusher\pusher-php-server\src\PusherInstance.php", "PHP", 21, 0, 0, 0, 0, 0, 0, 0, 0, 0, 0, 0, 5, 6, 32
"c:\Users\chris\Documents\GitHub\twitter-clone\backend\Model\vendor\pusher\pusher-php-server\src\PusherInterface.php", "PHP", 19, 0, 0, 0, 0, 0, 0, 0, 0, 0, 0, 0, 138, 15, 172
"c:\Users\chris\Documents\GitHub\twitter-clone\backend\Model\vendor\pusher\pusher-php-server\src\Webhook.php", "PHP", 20, 0, 0, 0, 0, 0, 0, 0, 0, 0, 0, 0, 0, 6, 26
"c:\Users\chris\Documents\GitHub\twitter-clone\backend\Model\vendor\ralouphie\getallheaders\README.md", "Markdown", 0, 0, 0, 18, 0, 0, 0, 0, 0, 0, 0, 0, 0, 10, 28
"c:\Users\chris\Documents\GitHub\twitter-clone\backend\Model\vendor\ralouphie\getallheaders\composer.json", "JSON", 0, 0, 0, 0, 0, 0, 0, 26, 0, 0, 0, 0, 0, 1, 27
"c:\Users\chris\Documents\GitHub\twitter-clone\backend\Model\vendor\ralouphie\getallheaders\src\getallheaders.php", "PHP", 34, 0, 0, 0, 0, 0, 0, 0, 0, 0, 0, 0, 5, 8, 47
"c:\Users\chris\Documents\GitHub\twitter-clone\backend\README.md", "Markdown", 0, 0, 0, 1, 0, 0, 0, 0, 0, 0, 0, 0, 0, 0, 1
"c:\Users\chris\Documents\GitHub\twitter-clone\backend\deleteTweet.php", "PHP", 7, 0, 0, 0, 0, 0, 0, 0, 0, 0, 0, 0, 0, 1, 8
"c:\Users\chris\Documents\GitHub\twitter-clone\backend\exploreFeed.php", "PHP", 7, 0, 0, 0, 0, 0, 0, 0, 0, 0, 0, 0, 0, 1, 8
"c:\Users\chris\Documents\GitHub\twitter-clone\backend\fav.php", "PHP", 7, 0, 0, 0, 0, 0, 0, 0, 0, 0, 0, 0, 0, 1, 8
"c:\Users\chris\Documents\GitHub\twitter-clone\backend\fav_remove.php", "PHP", 7, 0, 0, 0, 0, 0, 0, 0, 0, 0, 0, 0, 0, 1, 8
"c:\Users\chris\Documents\GitHub\twitter-clone\backend\feed.php", "PHP", 7, 0, 0, 0, 0, 0, 0, 0, 0, 0, 0, 0, 0, 1, 8
"c:\Users\chris\Documents\GitHub\twitter-clone\backend\follow.php", "PHP", 7, 0, 0, 0, 0, 0, 0, 0, 0, 0, 0, 0, 0, 1, 8
"c:\Users\chris\Documents\GitHub\twitter-clone\backend\followers.php", "PHP", 7, 0, 0, 0, 0, 0, 0, 0, 0, 0, 0, 0, 0, 1, 8
"c:\Users\chris\Documents\GitHub\twitter-clone\backend\followings.php", "PHP", 7, 0, 0, 0, 0, 0, 0, 0, 0, 0, 0, 0, 0, 1, 8
"c:\Users\chris\Documents\GitHub\twitter-clone\backend\login.php", "PHP", 7, 0, 0, 0, 0, 0, 0, 0, 0, 0, 0, 0, 0, 1, 8
"c:\Users\chris\Documents\GitHub\twitter-clone\backend\logout.php", "PHP", 11, 0, 0, 0, 0, 0, 0, 0, 0, 0, 0, 0, 0, 0, 11
"c:\Users\chris\Documents\GitHub\twitter-clone\backend\notificationFeed.php", "PHP", 7, 0, 0, 0, 0, 0, 0, 0, 0, 0, 0, 0, 0, 1, 8
"c:\Users\chris\Documents\GitHub\twitter-clone\backend\postTweet.php", "PHP", 0, 0, 0, 0, 0, 0, 0, 0, 0, 0, 0, 0, 0, 1, 1
"c:\Users\chris\Documents\GitHub\twitter-clone\backend\profile.php", "PHP", 7, 0, 0, 0, 0, 0, 0, 0, 0, 0, 0, 0, 0, 1, 8
"c:\Users\chris\Documents\GitHub\twitter-clone\backend\profileFeed.php", "PHP", 7, 0, 0, 0, 0, 0, 0, 0, 0, 0, 0, 0, 0, 1, 8
"c:\Users\chris\Documents\GitHub\twitter-clone\backend\randomUsers.php", "PHP", 7, 0, 0, 0, 0, 0, 0, 0, 0, 0, 0, 0, 0, 1, 8
"c:\Users\chris\Documents\GitHub\twitter-clone\backend\register.php", "PHP", 15, 0, 0, 0, 0, 0, 0, 0, 0, 0, 0, 0, 0, 4, 19
"c:\Users\chris\Documents\GitHub\twitter-clone\backend\rt.php", "PHP", 7, 0, 0, 0, 0, 0, 0, 0, 0, 0, 0, 0, 0, 1, 8
"c:\Users\chris\Documents\GitHub\twitter-clone\backend\rt_remove.php", "PHP", 7, 0, 0, 0, 0, 0, 0, 0, 0, 0, 0, 0, 0, 1, 8
"c:\Users\chris\Documents\GitHub\twitter-clone\backend\search.php", "PHP", 7, 0, 0, 0, 0, 0, 0, 0, 0, 0, 0, 0, 0, 1, 8
"c:\Users\chris\Documents\GitHub\twitter-clone\backend\settings.php", "PHP", 7, 0, 0, 0, 0, 0, 0, 0, 0, 0, 0, 0, 0, 1, 8
"c:\Users\chris\Documents\GitHub\twitter-clone\backend\settingsLoad.php", "PHP", 7, 0, 0, 0, 0, 0, 0, 0, 0, 0, 0, 0, 0, 1, 8
"c:\Users\chris\Documents\GitHub\twitter-clone\backend\tweet.php", "PHP", 11, 0, 0, 0, 0, 0, 0, 0, 0, 0, 0, 0, 0, 2, 13
"c:\Users\chris\Documents\GitHub\twitter-clone\backend\tweetComments.php", "PHP", 7, 0, 0, 0, 0, 0, 0, 0, 0, 0, 0, 0, 0, 1, 8
"c:\Users\chris\Documents\GitHub\twitter-clone\backend\tweetPage.php", "PHP", 7, 0, 0, 0, 0, 0, 0, 0, 0, 0, 0, 0, 0, 1, 8
"c:\Users\chris\Documents\GitHub\twitter-clone\backend\unfollow.php", "PHP", 7, 0, 0, 0, 0, 0, 0, 0, 0, 0, 0, 0, 0, 1, 8
"c:\Users\chris\Documents\GitHub\twitter-clone\documentacion-api\README.md", "Markdown", 0, 0, 0, 4, 0, 0, 0, 0, 0, 0, 0, 0, 0, 2, 6
"c:\Users\chris\Documents\GitHub\twitter-clone\documentacion-api\docs\fav.md", "Markdown", 0, 0, 0, 9, 0, 0, 0, 0, 0, 0, 0, 0, 0, 5, 14
"c:\Users\chris\Documents\GitHub\twitter-clone\documentacion-api\docs\feed.md", "Markdown", 0, 0, 0, 62, 0, 0, 0, 0, 0, 0, 0, 0, 0, 6, 68
"c:\Users\chris\Documents\GitHub\twitter-clone\documentacion-api\docs\follow.md", "Markdown", 0, 0, 0, 9, 0, 0, 0, 0, 0, 0, 0, 0, 0, 5, 14
"c:\Users\chris\Documents\GitHub\twitter-clone\documentacion-api\docs\login.md", "Markdown", 0, 0, 0, 25, 0, 0, 0, 0, 0, 0, 0, 0, 0, 9, 34
"c:\Users\chris\Documents\GitHub\twitter-clone\documentacion-api\docs\notificationFeed.md", "Markdown", 0, 0, 0, 62, 0, 0, 0, 0, 0, 0, 0, 0, 0, 7, 69
"c:\Users\chris\Documents\GitHub\twitter-clone\documentacion-api\docs\profile.md", "Markdown", 0, 0, 0, 36, 0, 0, 0, 0, 0, 0, 0, 0, 0, 9, 45
"c:\Users\chris\Documents\GitHub\twitter-clone\documentacion-api\docs\register.md", "Markdown", 0, 0, 0, 24, 0, 0, 0, 0, 0, 0, 0, 0, 0, 8, 32
"c:\Users\chris\Documents\GitHub\twitter-clone\documentacion-api\docs\rt.md", "Markdown", 0, 0, 0, 9, 0, 0, 0, 0, 0, 0, 0, 0, 0, 5, 14
"c:\Users\chris\Documents\GitHub\twitter-clone\documentacion-api\docs\unfollow.md", "Markdown", 0, 0, 0, 9, 0, 0, 0, 0, 0, 0, 0, 0, 0, 5, 14
"c:\Users\chris\Documents\GitHub\twitter-clone\frontend\css\feed.css", "CSS", 0, 0, 420, 0, 0, 0, 0, 0, 0, 0, 0, 0, 3, 88, 511
"c:\Users\chris\Documents\GitHub\twitter-clone\frontend\css\feed.scss", "SCSS", 0, 0, 0, 0, 0, 415, 0, 0, 0, 0, 0, 0, 10, 112, 537
"c:\Users\chris\Documents\GitHub\twitter-clone\frontend\css\index.css", "CSS", 0, 0, 96, 0, 0, 0, 0, 0, 0, 0, 0, 0, 5, 16, 117
"c:\Users\chris\Documents\GitHub\twitter-clone\frontend\css\index.scss", "SCSS", 0, 0, 0, 0, 0, 91, 0, 0, 0, 0, 0, 0, 4, 24, 119
"c:\Users\chris\Documents\GitHub\twitter-clone\frontend\css\login.css", "CSS", 0, 0, 44, 0, 0, 0, 0, 0, 0, 0, 0, 0, 5, 8, 57
"c:\Users\chris\Documents\GitHub\twitter-clone\frontend\css\login.scss", "SCSS", 0, 0, 0, 0, 0, 56, 0, 0, 0, 0, 0, 0, 4, 15, 75
"c:\Users\chris\Documents\GitHub\twitter-clone\frontend\css\profile.css", "CSS", 0, 0, 414, 0, 0, 0, 0, 0, 0, 0, 0, 0, 3, 83, 500
"c:\Users\chris\Documents\GitHub\twitter-clone\frontend\css\profile.scss", "SCSS", 0, 0, 0, 0, 0, 405, 0, 0, 0, 0, 0, 0, 10, 106, 521
"c:\Users\chris\Documents\GitHub\twitter-clone\frontend\css\styles.css", "CSS", 0, 0, 182, 0, 0, 0, 0, 0, 0, 0, 0, 0, 9, 30, 221
"c:\Users\chris\Documents\GitHub\twitter-clone\frontend\css\styles.scss", "SCSS", 0, 0, 0, 0, 0, 198, 0, 0, 0, 0, 0, 0, 9, 57, 264
"c:\Users\chris\Documents\GitHub\twitter-clone\frontend\explore.html", "HTML", 0, 163, 0, 0, 0, 0, 0, 0, 0, 0, 0, 0, 3, 50, 216
"c:\Users\chris\Documents\GitHub\twitter-clone\frontend\feed.html", "HTML", 0, 181, 0, 0, 0, 0, 0, 0, 0, 0, 0, 0, 3, 51, 235
"c:\Users\chris\Documents\GitHub\twitter-clone\frontend\followers.html", "HTML", 0, 167, 0, 0, 0, 0, 0, 0, 0, 0, 0, 0, 3, 50, 220
"c:\Users\chris\Documents\GitHub\twitter-clone\frontend\following.html", "HTML", 0, 167, 0, 0, 0, 0, 0, 0, 0, 0, 0, 0, 3, 50, 220
"c:\Users\chris\Documents\GitHub\twitter-clone\frontend\index.html", "HTML", 0, 67, 0, 0, 0, 0, 0, 0, 0, 0, 0, 0, 0, 24, 91
"c:\Users\chris\Documents\GitHub\twitter-clone\frontend\js\checkCookie.js", "JavaScript", 0, 0, 0, 0, 0, 0, 29, 0, 0, 0, 0, 0, 0, 4, 33
"c:\Users\chris\Documents\GitHub\twitter-clone\frontend\js\checkCookielogin.js", "JavaScript", 0, 0, 0, 0, 0, 0, 19, 0, 0, 0, 0, 0, 0, 2, 21
"c:\Users\chris\Documents\GitHub\twitter-clone\frontend\js\comments.js", "JavaScript", 0, 0, 0, 0, 0, 0, 99, 0, 0, 0, 0, 0, 2, 26, 127
"c:\Users\chris\Documents\GitHub\twitter-clone\frontend\js\explore.js", "JavaScript", 0, 0, 0, 0, 0, 0, 111, 0, 0, 0, 0, 0, 0, 23, 134
"c:\Users\chris\Documents\GitHub\twitter-clone\frontend\js\feed.js", "JavaScript", 0, 0, 0, 0, 0, 0, 135, 0, 0, 0, 0, 0, 0, 29, 164
"c:\Users\chris\Documents\GitHub\twitter-clone\frontend\js\followButton.js", "JavaScript", 0, 0, 0, 0, 0, 0, 74, 0, 0, 0, 0, 0, 0, 16, 90
"c:\Users\chris\Documents\GitHub\twitter-clone\frontend\js\followers.js", "JavaScript", 0, 0, 0, 0, 0, 0, 62, 0, 0, 0, 0, 0, 1, 14, 77
"c:\Users\chris\Documents\GitHub\twitter-clone\frontend\js\following.js", "JavaScript", 0, 0, 0, 0, 0, 0, 62, 0, 0, 0, 0, 0, 1, 14, 77
"c:\Users\chris\Documents\GitHub\twitter-clone\frontend\js\login.js", "JavaScript", 0, 0, 0, 0, 0, 0, 57, 0, 0, 0, 0, 0, 1, 14, 72
"c:\Users\chris\Documents\GitHub\twitter-clone\frontend\js\navProfile.js", "JavaScript", 0, 0, 0, 0, 0, 0, 22, 0, 0, 0, 0, 0, 1, 3, 26
"c:\Users\chris\Documents\GitHub\twitter-clone\frontend\js\notifications.js", "JavaScript", 0, 0, 0, 0, 0, 0, 132, 0, 0, 0, 0, 0, 0, 23, 155
"c:\Users\chris\Documents\GitHub\twitter-clone\frontend\js\postTweet.js", "JavaScript", 0, 0, 0, 0, 0, 0, 29, 0, 0, 0, 0, 0, 1, 11, 41
"c:\Users\chris\Documents\GitHub\twitter-clone\frontend\js\profile.js", "JavaScript", 0, 0, 0, 0, 0, 0, 211, 0, 0, 0, 0, 0, 2, 42, 255
"c:\Users\chris\Documents\GitHub\twitter-clone\frontend\js\randomUsers.js", "JavaScript", 0, 0, 0, 0, 0, 0, 21, 0, 0, 0, 0, 0, 0, 4, 25
"c:\Users\chris\Documents\GitHub\twitter-clone\frontend\js\register.js", "JavaScript", 0, 0, 0, 0, 0, 0, 97, 0, 0, 0, 0, 0, 2, 24, 123
"c:\Users\chris\Documents\GitHub\twitter-clone\frontend\js\search.js", "JavaScript", 0, 0, 0, 0, 0, 0, 18, 0, 0, 0, 0, 0, 0, 6, 24
"c:\Users\chris\Documents\GitHub\twitter-clone\frontend\js\settings.js", "JavaScript", 0, 0, 0, 0, 0, 0, 16, 0, 0, 0, 0, 0, 0, 3, 19
"c:\Users\chris\Documents\GitHub\twitter-clone\frontend\js\settingsLoad.js", "JavaScript", 0, 0, 0, 0, 0, 0, 17, 0, 0, 0, 0, 0, 0, 3, 20
"c:\Users\chris\Documents\GitHub\twitter-clone\frontend\js\tweet.js", "JavaScript", 0, 0, 0, 0, 0, 0, 110, 0, 0, 0, 0, 0, 1, 22, 133
"c:\Users\chris\Documents\GitHub\twitter-clone\frontend\js\tweetActions.js", "JavaScript", 0, 0, 0, 0, 0, 0, 100, 0, 0, 0, 0, 0, 1, 23, 124
"c:\Users\chris\Documents\GitHub\twitter-clone\frontend\js\userData.js", "JavaScript", 0, 0, 0, 0, 0, 0, 0, 0, 0, 0, 0, 0, 1, 5, 6
"c:\Users\chris\Documents\GitHub\twitter-clone\frontend\login.html", "HTML", 0, 31, 0, 0, 0, 0, 0, 0, 0, 0, 0, 0, 0, 14, 45
"c:\Users\chris\Documents\GitHub\twitter-clone\frontend\notifications.html", "HTML", 0, 162, 0, 0, 0, 0, 0, 0, 0, 0, 0, 0, 3, 48, 213
"c:\Users\chris\Documents\GitHub\twitter-clone\frontend\profile.html", "HTML", 0, 209, 0, 0, 0, 0, 0, 0, 0, 0, 0, 0, 4, 65, 278
"c:\Users\chris\Documents\GitHub\twitter-clone\frontend\settings.html", "HTML", 0, 198, 0, 0, 0, 0, 0, 0, 0, 0, 0, 0, 3, 54, 255
"c:\Users\chris\Documents\GitHub\twitter-clone\frontend\tweet.html", "HTML", 0, 184, 0, 0, 0, 0, 0, 0, 0, 0, 0, 0, 3, 55, 242
"Total", "-", 33178, 1529, 1156, 4164, 142, 1165, 1421, 1864, 63, 193, 6, 35, 17491, 8082, 70489